Residue	Training	Benchmarking
A	14.243703457762177	15.160293549633064
C	2.7937200588151594	2.9161838547701815
D	1.1668168666698289	0.8883738895326381
E	1.655362140112887	1.3711857860177674
F	4.8996822084143625	5.214368482039398
G	6.0190674951382634	6.218617226728466
H	1.1905326566427927	1.1201235998455001
I	4.5534316748090875	4.113557358053303
K	2.343120049328843	2.2402471996910003
L	21.244604657781153	21.996910003862496
M	6.094958023051747	6.00617999227501
N	1.1336147607076792	0.8497489378138278
P	4.131290613290329	3.4183082271147165
Q	2.229284257458616	2.626496716879104
R	3.2443200683014752	3.5148706064117423
S	7.626998055305221	7.029741212823485
T	4.401650618982118	4.8088064889918885
V	8.153488592705022	7.80224024719969
W	1.7359958260209647	1.738122827346466
Y	1.1383579187022719	0.9656237929702587
