	1	2	3	4	5	6	7	8	9	10	11	12	13	14	15
A	0.3150599868043984	0.37239316187035004	0.23488963812041525	0.3150599868043984	1.0598029315623239	0.9759713407588534	0.6447654322834802	0.9384966353401905	0.9129615432330528	0.10560662117544882	1.7850867206808947	0.1716958116332211	2.577281835567493	0.9759713407588534	-0.8943933788245512
C	1.3396810371228247	0.8657498487904125	1.0177529422354625	1.4507123495115686	1.5538058424756724	2.0177529422354628	1.8657498487904125	0.8657498487904125	0.5031797694057042	0.6027154429566187	2.2504136990257373	-0.13425015120958753	1.3396810371228247	0.39626456548919226	0.8657498487904125
D	-2.9743273944682995	-4.296255489355662	-5.296255489355662	-5.296255489355662	-2.7112929886345056	-2.9743273944682995	-2.7112929886345056	-2.488900567298058	-1.2962554893556617	-1.3893648937471432	-5.296255489355662	-0.04832797591207645	-2.488900567298058	0.2887070113654944	0.025672605531700567
E	-3.6048867616295666	-5.604886761629566	-4.604886761629566	-4.01992426090841	-3.282958666742204	-2.6048867616295666	-3.6048867616295666	-2.6048867616295666	-1.1454551429922692	-0.8499992594660979	-2.6048867616295666	0.2530942334980057	-3.6048867616295666	0.2530942334980057	0.2777562877322749
F	1.245794012399	1.0087548150981505	0.5589518976586302	1.0087548150981505	0.6608315116778437	0.44932740648413183	0.9018396111816385	0.44932740648413183	-1.0981603888183615	0.05938088816811866	-3.7986001069594537	-0.2750381509024407	-2.476672012072091	0.05938088816811866	-0.2750381509024407
G	-1.3497813796134095	-1.864354552443168	-1.0867469737796158	-0.7175131641138965	-0.7648188788922532	-0.9168219723373034	-0.21227785586347467	-0.9712697563596799	0.804023956465626	0.5377438911281778	0.23518112110774678	-1.148147518443759	1.4368149822773972	0.0831780276626965	-0.46225610887182217
H	-2.032691556982288	-2.447729056261132	-2.447729056261132	-2.032691556982288	-1.710763462094926	-2.447729056261132	-1.2253366349246841	-0.8627665555399759	0.35962586579647227	-1.2253366349246841	-4.032691556982288	0.921504753404587	-4.032691556982288	0.4267400616550091	0.6111646327924365
I	0.24711375181796089	0.5054257474093516	0.6832128666246344	0.09825036590347823	-0.5184209945450161	-0.6179566680959306	-0.29602857320856835	0.3820433319040693	-1.2553865887112223	-1.0329941673747742	-0.7248718720124427	-1.3378487489031954	-3.8403490894323786	-0.9017496340965218	-1.2553865887112223
K	-3.811005127850234	-3.811005127850234	-5.39596762857139	-4.39596762857139	-5.39596762857139	-3.811005127850234	-3.074039533684028	-3.811005127850234	-1.8110051278502344	-1.6955279104302983	-2.811005127850234	-1.4890770329628715	-3.074039533684028	-0.39596762857139023	-0.226042627129078
L	1.9386734831604076	2.1259050649164393	1.9601265928267253	2.0874309171018033	1.911400553010304	1.6126871716986917	1.6788774513931581	1.0175289038716473	-0.5984604924701336	0.7234676024172291	-1.3146675264695424	0.4926873955880618	-2.662590829889849	-0.09965463549869184	-1.0345596072768068
M	-0.12500630696596754	-0.3176513849083635	0.12292120647761792	-0.8030782120786051	0.12292120647761792	0.5754334111751245	-0.0375434657156282	0.33442531167132966	-0.5400438062448115	-0.3176513849083635	-1.803078212078605	-0.8030782120786051	-3.1250063069659677	-0.5400438062448115	-2.5400438062448116
N	-4.871478986876549	-2.871478986876549	-3.286516486155393	-2.871478986876549	-2.286516486155393	-2.549550891989187	-1.286516486155393	-2.871478986876549	-0.9645883912680308	-2.0641240648189454	-1.8714789868765491	-0.41204736823925187	-2.871478986876549	-0.479161564097789	-0.06412406481894521
P	-1.4976975155352168	-1.3822202981152807	-1.4976975155352168	-1.3822202981152807	-1.6232283976190756	-1.7607319213690102	-1.2753050941987687	0.5897653257151226	0.8480773213065135	0.8715362941305025	-2.082660016256373	-1.4976975155352168	-0.22467902112880056	-2.497697515535217	1.575551466495422
Q	-3.2395660712288232	-3.8245285719499797	-2.2395660712288232	-1.8245285719499797	-2.2395660712288232	-0.9176379763414612	-0.7370657306996401	-3.8245285719499797	0.4973995229373827	-0.23956607122882342	-3.8245285719499797	1.1754714280500203	-2.2395660712288232	0.9303589302134888	0.4608736469122686
R	-3.3172787399260804	-5.31727873992608	-5.31727873992608	-3.3172787399260804	-3.3172787399260804	-3.3172787399260804	-1.9953506450387177	-2.732316239204924	-0.92496131714732	-0.6168390217849882	-3.732316239204924	0.20628321613093256	-1.6168390217849882	-0.6168390217849882	0.10898601477601788
S	-0.24176697942209455	-0.563695074309457	-0.6094987639225815	-0.31576756086587143	0.08016111546526758	0.39050123607741843	-0.009106222631819618	-0.35424170868050714	0.9908937773681804	0.7217071445527913	0.9281580220202179	0.8957365443278404	0.8957365443278404	-0.009106222631819618	0.7400856738676461
T	-0.9449109064915646	-1.0189114879353418	-0.6229828116042025	-0.8074073827416298	-0.8745215786001668	-0.35994840577040843	-0.5119514992154588	-0.1793761601285877	0.5145207121457324	0.28774985029871036	0.5660510127858147	-0.4088580062513548	-1.1793761601285877	-0.057385635749977425	0.15942575332317074
V	0.7272426461086106	0.655092860352775	0.9990472615701363	0.4571534827408663	0.04211598346202233	0.22767163661809897	-0.23799193573071284	1.3469705649904433	-0.30838126362211066	0.3920584545189814	1.700607519605144	-0.9298696403683813	-4.045346857788317	-0.6761130481225979	-0.23799193573071284
W	0.9458600237536768	0.9458600237536768	1.0389694281451582	0.20889442958747073	0.49840104678245545	0.9458600237536768	1.2868969415887437	0.20889442958747073	0.49840104678245545	-0.9610305718548416	-1.9610305718548418	1.3608975230325207	-2.9610305718548418	-0.6391024769674792	-0.37606807113368557
Y	-1.226042627129078	-2.3959676285713902	-1.5886127065137865	-2.074039533684028	-1.8110051278502344	-0.5886127065137865	-0.9365360099340931	-1.0740395336840278	-1.226042627129078	-0.5886127065137865	-4.39596762857139	0.24788856120333436	-2.3959676285713902	-0.0036502057926300385	-0.48907703296287164
